INSERT OR REPLACE INTO places (id, name, address, lat, lng, rating, review_count, source_name, source_place_id, last_verified, verified_at, is_featured, is_hidden, boost_factor, business_status) VALUES ('GOOGLE_ChIJqSNr-8DR5zsRosXwmBExzRw', 'Leopold Cafe', 'Shahid Bhagat Singh Road, Police Station, Colaba Causeway, near Colaba, Apollo Bandar, Colaba, Mumbai, Maharashtra 400001, India', 18.9227947, 72.83166589999999, 4.2, 32605, 'GOOGLE', 'ChIJqSNr-8DR5zsRosXwmBExzRw', CURRENT_TIMESTAMP, CURRENT_TIMESTAMP, 0, 0, 1.0, 'OPERATIONAL');
INSERT OR REPLACE INTO place_categories (place_id, category) VALUES ('GOOGLE_ChIJqSNr-8DR5zsRosXwmBExzRw', 'CAFE');
INSERT OR REPLACE INTO place_costs (place_id, mandatory_cost, optional_cost_min, optional_cost_max) VALUES ('GOOGLE_ChIJqSNr-8DR5zsRosXwmBExzRw', 0, 150, 450);
INSERT OR REPLACE INTO place_scores (place_id, popularity, budget_friendliness, overall) VALUES ('GOOGLE_ChIJqSNr-8DR5zsRosXwmBExzRw', 0.8400000000000001, 0.8, 0.7467);
INSERT OR REPLACE INTO places (id, name, address, lat, lng, rating, review_count, source_name, source_place_id, last_verified, verified_at, is_featured, is_hidden, boost_factor, business_status) VALUES ('GOOGLE_ChIJoVupLi3R5zsRkUst6fWGNzw', 'Paradox Museum Mumbai', 'WRPJ+HH9 Shreeniwas House, 27, H Somani Marg, behind Bombay Gymkhana, near John Cathedral School, Azad Maidan, Fort, Mumbai, Maharashtra 400001, India', 18.9364302, 72.8315981, 4.7, 15270, 'GOOGLE', 'ChIJoVupLi3R5zsRkUst6fWGNzw', CURRENT_TIMESTAMP, CURRENT_TIMESTAMP, 0, 0, 1.0, 'OPERATIONAL');
INSERT OR REPLACE INTO place_categories (place_id, category) VALUES ('GOOGLE_ChIJoVupLi3R5zsRkUst6fWGNzw', 'CAFE');
INSERT OR REPLACE INTO place_costs (place_id, mandatory_cost, optional_cost_min, optional_cost_max) VALUES ('GOOGLE_ChIJoVupLi3R5zsRkUst6fWGNzw', 0, 150, 450);
INSERT OR REPLACE INTO place_scores (place_id, popularity, budget_friendliness, overall) VALUES ('GOOGLE_ChIJoVupLi3R5zsRkUst6fWGNzw', 0.9400000000000001, 0.8, 0.7800);
INSERT OR REPLACE INTO places (id, name, address, lat, lng, rating, review_count, source_name, source_place_id, last_verified, verified_at, is_featured, is_hidden, boost_factor, business_status) VALUES ('GOOGLE_ChIJuSeZCsPR5zsRI0vnqPEX-JM', 'Kala Ghoda Cafe', '10, Rope Walk Ln, Kala Ghoda, Fort, Mumbai, Maharashtra 400001, India', 18.9284954, 72.8322067, 4.4, 5725, 'GOOGLE', 'ChIJuSeZCsPR5zsRI0vnqPEX-JM', CURRENT_TIMESTAMP, CURRENT_TIMESTAMP, 0, 0, 1.0, 'OPERATIONAL');
INSERT OR REPLACE INTO place_categories (place_id, category) VALUES ('GOOGLE_ChIJuSeZCsPR5zsRI0vnqPEX-JM', 'CAFE');
INSERT OR REPLACE INTO place_costs (place_id, mandatory_cost, optional_cost_min, optional_cost_max) VALUES ('GOOGLE_ChIJuSeZCsPR5zsRI0vnqPEX-JM', 0, 150, 450);
INSERT OR REPLACE INTO place_scores (place_id, popularity, budget_friendliness, overall) VALUES ('GOOGLE_ChIJuSeZCsPR5zsRI0vnqPEX-JM', 0.8800000000000001, 0.8, 0.7600);
INSERT OR REPLACE INTO places (id, name, address, lat, lng, rating, review_count, source_name, source_place_id, last_verified, verified_at, is_featured, is_hidden, boost_factor, business_status) VALUES ('GOOGLE_ChIJfcjpLIvR5zsRGqKmbhkWkbY', 'Starbucks', 'Gr Flr, Elphinstone Building, 2 10, Veer Nariman Rd, Ab Rd, Horniman Circle, Mumbai, Maharashtra 400023, India', 18.9323436, 72.8341004, 4.6, 3662, 'GOOGLE', 'ChIJfcjpLIvR5zsRGqKmbhkWkbY', CURRENT_TIMESTAMP, CURRENT_TIMESTAMP, 0, 0, 1.0, 'OPERATIONAL');
INSERT OR REPLACE INTO place_categories (place_id, category) VALUES ('GOOGLE_ChIJfcjpLIvR5zsRGqKmbhkWkbY', 'CAFE');
INSERT OR REPLACE INTO place_costs (place_id, mandatory_cost, optional_cost_min, optional_cost_max) VALUES ('GOOGLE_ChIJfcjpLIvR5zsRGqKmbhkWkbY', 0, 150, 450);
INSERT OR REPLACE INTO place_scores (place_id, popularity, budget_friendliness, overall) VALUES ('GOOGLE_ChIJfcjpLIvR5zsRGqKmbhkWkbY', 0.9199999999999999, 0.8, 0.7733);
INSERT OR REPLACE INTO places (id, name, address, lat, lng, rating, review_count, source_name, source_place_id, last_verified, verified_at, is_featured, is_hidden, boost_factor, business_status) VALUES ('GOOGLE_ChIJwf3RJe_R5zsR7_3ZfzIk-eM', 'Trident, Nariman Point, Mumbai', 'Cr2 Mall, Netaji Subhash Chandra Bose Rd, Nariman Point, Mumbai, Maharashtra 400021, India', 18.9278282, 72.8210182, 4.6, 34471, 'GOOGLE', 'ChIJwf3RJe_R5zsR7_3ZfzIk-eM', CURRENT_TIMESTAMP, CURRENT_TIMESTAMP, 0, 0, 1.0, 'OPERATIONAL');
INSERT OR REPLACE INTO place_categories (place_id, category) VALUES ('GOOGLE_ChIJwf3RJe_R5zsR7_3ZfzIk-eM', 'RESTAURANT');
INSERT OR REPLACE INTO place_costs (place_id, mandatory_cost, optional_cost_min, optional_cost_max) VALUES ('GOOGLE_ChIJwf3RJe_R5zsR7_3ZfzIk-eM', 0, 250, 750);
INSERT OR REPLACE INTO place_scores (place_id, popularity, budget_friendliness, overall) VALUES ('GOOGLE_ChIJwf3RJe_R5zsR7_3ZfzIk-eM', 0.9199999999999999, 0.8, 0.7400);
INSERT OR REPLACE INTO places (id, name, address, lat, lng, rating, review_count, source_name, source_place_id, last_verified, verified_at, is_featured, is_hidden, boost_factor, business_status) VALUES ('GOOGLE_ChIJLf8zWebR5zsRkVxdjd6rbKI', 'Pizza By The Bay', 'Soona Mahal, 143, Marine Dr, Churchgate, Mumbai, Maharashtra 400020, India', 18.9333915, 72.82388209999999, 4.2, 26705, 'GOOGLE', 'ChIJLf8zWebR5zsRkVxdjd6rbKI', CURRENT_TIMESTAMP, CURRENT_TIMESTAMP, 0, 0, 1.0, 'OPERATIONAL');
INSERT OR REPLACE INTO place_categories (place_id, category) VALUES ('GOOGLE_ChIJLf8zWebR5zsRkVxdjd6rbKI', 'RESTAURANT');
INSERT OR REPLACE INTO place_costs (place_id, mandatory_cost, optional_cost_min, optional_cost_max) VALUES ('GOOGLE_ChIJLf8zWebR5zsRkVxdjd6rbKI', 0, 250, 750);
INSERT OR REPLACE INTO place_scores (place_id, popularity, budget_friendliness, overall) VALUES ('GOOGLE_ChIJLf8zWebR5zsRkVxdjd6rbKI', 0.8400000000000001, 0.8, 0.7133);
INSERT OR REPLACE INTO places (id, name, address, lat, lng, rating, review_count, source_name, source_place_id, last_verified, verified_at, is_featured, is_hidden, boost_factor, business_status) VALUES ('GOOGLE_ChIJa4SSAezR5zsR09k0iLOD2qg', 'Status Restaurant', 'Regent Chambers, 208, जमनालाल बजाज मार्ग, नरीमन पॉइंट, मुंबई, महाराष्ट्र 400021, India', 18.9246211, 72.8216526, 4.4, 12924, 'GOOGLE', 'ChIJa4SSAezR5zsR09k0iLOD2qg', CURRENT_TIMESTAMP, CURRENT_TIMESTAMP, 0, 0, 1.0, 'OPERATIONAL');
INSERT OR REPLACE INTO place_categories (place_id, category) VALUES ('GOOGLE_ChIJa4SSAezR5zsR09k0iLOD2qg', 'RESTAURANT');
INSERT OR REPLACE INTO place_costs (place_id, mandatory_cost, optional_cost_min, optional_cost_max) VALUES ('GOOGLE_ChIJa4SSAezR5zsR09k0iLOD2qg', 0, 250, 750);
INSERT OR REPLACE INTO place_scores (place_id, popularity, budget_friendliness, overall) VALUES ('GOOGLE_ChIJa4SSAezR5zsR09k0iLOD2qg', 0.8800000000000001, 0.8, 0.7267);
INSERT OR REPLACE INTO places (id, name, address, lat, lng, rating, review_count, source_name, source_place_id, last_verified, verified_at, is_featured, is_hidden, boost_factor, business_status) VALUES ('GOOGLE_ChIJX6J8VHTR5zsR_-ADqhjHpMY', 'Rare Escape - Live Escape Game in Fort and Churchgate', 'Bahubali Building, 17 C, Cawasji Patel St, behind Sabyasachi Building, near Vardhman Chambers, Kala Ghoda, Fort, Mumbai, Maharashtra 400001, India', 18.9327969, 72.8334777, 4.8, 336, 'GOOGLE', 'ChIJX6J8VHTR5zsR_-ADqhjHpMY', CURRENT_TIMESTAMP, CURRENT_TIMESTAMP, 0, 0, 1.0, 'OPERATIONAL');
INSERT OR REPLACE INTO place_categories (place_id, category) VALUES ('GOOGLE_ChIJX6J8VHTR5zsR_-ADqhjHpMY', 'ARCADE');
INSERT OR REPLACE INTO place_costs (place_id, mandatory_cost, optional_cost_min, optional_cost_max) VALUES ('GOOGLE_ChIJX6J8VHTR5zsR_-ADqhjHpMY', 200, 200, 600);
INSERT OR REPLACE INTO place_scores (place_id, popularity, budget_friendliness, overall) VALUES ('GOOGLE_ChIJX6J8VHTR5zsR_-ADqhjHpMY', 0.96, 0.8, 0.7200);
INSERT OR REPLACE INTO places (id, name, address, lat, lng, rating, review_count, source_name, source_place_id, last_verified, verified_at, is_featured, is_hidden, boost_factor, business_status) VALUES ('GOOGLE_ChIJeQVz7I_R5zsRasMFBIOpmWc', 'Children Traffic Training Park', 'WRGH+8QC, Madame Cama Rd, Dr Ambedkar Statue Chowk Area, Colaba, Mumbai, Maharashtra 400021, India', 18.9258089, 72.8293934, 4.2, 34, 'GOOGLE', 'ChIJeQVz7I_R5zsRasMFBIOpmWc', CURRENT_TIMESTAMP, CURRENT_TIMESTAMP, 0, 0, 1.0, 'OPERATIONAL');
INSERT OR REPLACE INTO place_categories (place_id, category) VALUES ('GOOGLE_ChIJeQVz7I_R5zsRasMFBIOpmWc', 'ARCADE');
INSERT OR REPLACE INTO place_costs (place_id, mandatory_cost, optional_cost_min, optional_cost_max) VALUES ('GOOGLE_ChIJeQVz7I_R5zsRasMFBIOpmWc', 200, 200, 600);
INSERT OR REPLACE INTO place_scores (place_id, popularity, budget_friendliness, overall) VALUES ('GOOGLE_ChIJeQVz7I_R5zsRasMFBIOpmWc', 0.8400000000000001, 0.8, 0.6800);
INSERT OR REPLACE INTO places (id, name, address, lat, lng, rating, review_count, source_name, source_place_id, last_verified, verified_at, is_featured, is_hidden, boost_factor, business_status) VALUES ('GOOGLE_ChIJaTVi9drR5zsRZViDx8iSjUg', 'RUSH Game Zone & Cafe Bowling.Arcade.Trampoline.VR Zone', '10/12, Cochin St, Ballard Estate, Fort, Mumbai, Maharashtra 400001, India', 18.935020299999998, 72.8379017, 4.1, 920, 'GOOGLE', 'ChIJaTVi9drR5zsRZViDx8iSjUg', CURRENT_TIMESTAMP, CURRENT_TIMESTAMP, 0, 0, 1.0, 'OPERATIONAL');
INSERT OR REPLACE INTO place_categories (place_id, category) VALUES ('GOOGLE_ChIJaTVi9drR5zsRZViDx8iSjUg', 'BOWLING');
INSERT OR REPLACE INTO place_costs (place_id, mandatory_cost, optional_cost_min, optional_cost_max) VALUES ('GOOGLE_ChIJaTVi9drR5zsRZViDx8iSjUg', 350, 0, 200);
INSERT OR REPLACE INTO place_scores (place_id, popularity, budget_friendliness, overall) VALUES ('GOOGLE_ChIJaTVi9drR5zsRZViDx8iSjUg', 0.82, 0.8, 0.6733);
INSERT OR REPLACE INTO places (id, name, address, lat, lng, rating, review_count, source_name, source_place_id, last_verified, verified_at, is_featured, is_hidden, boost_factor, business_status) VALUES ('GOOGLE_ChIJJ7H46sPR5zsRU5I-VRAm50Q', 'Chhatrapati Shivaji Maharaj Vastu Sangrahalaya', '159-161, Mahatma Gandhi Road, Lion Gate, Fort, Mumbai, Maharashtra 400001, India', 18.9269015, 72.83269159999999, 4.6, 39486, 'GOOGLE', 'ChIJJ7H46sPR5zsRU5I-VRAm50Q', CURRENT_TIMESTAMP, CURRENT_TIMESTAMP, 0, 0, 1.0, 'OPERATIONAL');
INSERT OR REPLACE INTO place_categories (place_id, category) VALUES ('GOOGLE_ChIJJ7H46sPR5zsRU5I-VRAm50Q', 'MUSEUM');
INSERT OR REPLACE INTO place_costs (place_id, mandatory_cost, optional_cost_min, optional_cost_max) VALUES ('GOOGLE_ChIJJ7H46sPR5zsRU5I-VRAm50Q', 50, 0, 100);
INSERT OR REPLACE INTO place_scores (place_id, popularity, budget_friendliness, overall) VALUES ('GOOGLE_ChIJJ7H46sPR5zsRU5I-VRAm50Q', 0.9199999999999999, 0.8, 0.8067);
INSERT OR REPLACE INTO places (id, name, address, lat, lng, rating, review_count, source_name, source_place_id, last_verified, verified_at, is_featured, is_hidden, boost_factor, business_status) VALUES ('GOOGLE_ChIJCTBgusPR5zsR9jlWzqv4C3Y', 'Jehangir Art Gallery', '161B, Mahatma Gandhi Road, Kala Ghoda, Fort, Mumbai, Maharashtra 400001, India', 18.9273983, 72.83168560000001, 4.5, 12458, 'GOOGLE', 'ChIJCTBgusPR5zsR9jlWzqv4C3Y', CURRENT_TIMESTAMP, CURRENT_TIMESTAMP, 0, 0, 1.0, 'OPERATIONAL');
INSERT OR REPLACE INTO place_categories (place_id, category) VALUES ('GOOGLE_ChIJCTBgusPR5zsR9jlWzqv4C3Y', 'MUSEUM');
INSERT OR REPLACE INTO place_costs (place_id, mandatory_cost, optional_cost_min, optional_cost_max) VALUES ('GOOGLE_ChIJCTBgusPR5zsR9jlWzqv4C3Y', 50, 0, 100);
INSERT OR REPLACE INTO place_scores (place_id, popularity, budget_friendliness, overall) VALUES ('GOOGLE_ChIJCTBgusPR5zsR9jlWzqv4C3Y', 0.9, 0.8, 0.8000);
INSERT OR REPLACE INTO places (id, name, address, lat, lng, rating, review_count, source_name, source_place_id, last_verified, verified_at, is_featured, is_hidden, boost_factor, business_status) VALUES ('GOOGLE_ChIJIbj8BNvR5zsR_Ugtx6Kx_SM', 'RBI Monetary Museum', 'Ground Floor, WRMP+GCP, Sir Phirozshah Mehta Rd, Kala Ghoda, Fort, Mumbai, Maharashtra 400001, India', 18.9338333, 72.8360852, 4.6, 2711, 'GOOGLE', 'ChIJIbj8BNvR5zsR_Ugtx6Kx_SM', CURRENT_TIMESTAMP, CURRENT_TIMESTAMP, 0, 0, 1.0, 'OPERATIONAL');
INSERT OR REPLACE INTO place_categories (place_id, category) VALUES ('GOOGLE_ChIJIbj8BNvR5zsR_Ugtx6Kx_SM', 'MUSEUM');
INSERT OR REPLACE INTO place_costs (place_id, mandatory_cost, optional_cost_min, optional_cost_max) VALUES ('GOOGLE_ChIJIbj8BNvR5zsR_Ugtx6Kx_SM', 50, 0, 100);
INSERT OR REPLACE INTO place_scores (place_id, popularity, budget_friendliness, overall) VALUES ('GOOGLE_ChIJIbj8BNvR5zsR_Ugtx6Kx_SM', 0.9199999999999999, 0.8, 0.8067);
INSERT OR REPLACE INTO places (id, name, address, lat, lng, rating, review_count, source_name, source_place_id, last_verified, verified_at, is_featured, is_hidden, boost_factor, business_status) VALUES ('GOOGLE_ChIJqXRAMOnR5zsR5WGLzClDb_4', 'CR2 Shopping Mall', '7, Barrister Rajni Patel Marg, Nariman Point, Mumbai, Maharashtra 400021, India', 18.926509799999998, 72.8225937, 4.0, 8334, 'GOOGLE', 'ChIJqXRAMOnR5zsR5WGLzClDb_4', CURRENT_TIMESTAMP, CURRENT_TIMESTAMP, 0, 0, 1.0, 'OPERATIONAL');
INSERT OR REPLACE INTO place_categories (place_id, category) VALUES ('GOOGLE_ChIJqXRAMOnR5zsR5WGLzClDb_4', 'MALL');
INSERT OR REPLACE INTO place_costs (place_id, mandatory_cost, optional_cost_min, optional_cost_max) VALUES ('GOOGLE_ChIJqXRAMOnR5zsR5WGLzClDb_4', 0, 0, 200);
INSERT OR REPLACE INTO place_scores (place_id, popularity, budget_friendliness, overall) VALUES ('GOOGLE_ChIJqXRAMOnR5zsR5WGLzClDb_4', 0.8, 0.8, 0.6333);
INSERT OR REPLACE INTO places (id, name, address, lat, lng, rating, review_count, source_name, source_place_id, last_verified, verified_at, is_featured, is_hidden, boost_factor, business_status) VALUES ('GOOGLE_ChIJjzt1FC3R5zsR8Kz4QPAP250', 'MINI-SO, Colaba Causeway', 'next to लियोपोल्ड कैफे, Apollo Bandar, Colaba, Mumbai, Maharashtra 400001, India', 18.9226715, 72.8316565, 4.2, 1497, 'GOOGLE', 'ChIJjzt1FC3R5zsR8Kz4QPAP250', CURRENT_TIMESTAMP, CURRENT_TIMESTAMP, 0, 0, 1.0, 'OPERATIONAL');
INSERT OR REPLACE INTO place_categories (place_id, category) VALUES ('GOOGLE_ChIJjzt1FC3R5zsR8Kz4QPAP250', 'MALL');
INSERT OR REPLACE INTO place_costs (place_id, mandatory_cost, optional_cost_min, optional_cost_max) VALUES ('GOOGLE_ChIJjzt1FC3R5zsR8Kz4QPAP250', 0, 0, 200);
INSERT OR REPLACE INTO place_scores (place_id, popularity, budget_friendliness, overall) VALUES ('GOOGLE_ChIJjzt1FC3R5zsR8Kz4QPAP250', 0.8400000000000001, 0.8, 0.6467);
INSERT OR REPLACE INTO places (id, name, address, lat, lng, rating, review_count, source_name, source_place_id, last_verified, verified_at, is_featured, is_hidden, boost_factor, business_status) VALUES ('GOOGLE_ChIJq8BfSdvR5zsRZn_7hsntjJc', 'Horniman Circle Garden', '11, Homji St, Kala Ghoda, Fort, Mumbai, Maharashtra 400001, India', 18.93197, 72.8350343, 4.4, 13358, 'GOOGLE', 'ChIJq8BfSdvR5zsRZn_7hsntjJc', CURRENT_TIMESTAMP, CURRENT_TIMESTAMP, 0, 0, 1.0, 'OPERATIONAL');
INSERT OR REPLACE INTO place_categories (place_id, category) VALUES ('GOOGLE_ChIJq8BfSdvR5zsRZn_7hsntjJc', 'PARK');
INSERT OR REPLACE INTO place_costs (place_id, mandatory_cost, optional_cost_min, optional_cost_max) VALUES ('GOOGLE_ChIJq8BfSdvR5zsRZn_7hsntjJc', 0, 0, 50);
INSERT OR REPLACE INTO place_scores (place_id, popularity, budget_friendliness, overall) VALUES ('GOOGLE_ChIJq8BfSdvR5zsRZn_7hsntjJc', 0.8800000000000001, 0.8, 0.7600);
INSERT OR REPLACE INTO places (id, name, address, lat, lng, rating, review_count, source_name, source_place_id, last_verified, verified_at, is_featured, is_hidden, boost_factor, business_status) VALUES ('GOOGLE_ChIJC_2KbN7R5zsRimWBRSgKyYY', 'Cross Maidan Garden', 'WRQH+8XQ, Mahatma Gandhi Road, New Marine Lines, Marine Lines, Mumbai, Maharashtra 400020, India', 18.937654300000002, 72.8296775, 4.3, 14701, 'GOOGLE', 'ChIJC_2KbN7R5zsRimWBRSgKyYY', CURRENT_TIMESTAMP, CURRENT_TIMESTAMP, 0, 0, 1.0, 'OPERATIONAL');
INSERT OR REPLACE INTO place_categories (place_id, category) VALUES ('GOOGLE_ChIJC_2KbN7R5zsRimWBRSgKyYY', 'PARK');
INSERT OR REPLACE INTO place_costs (place_id, mandatory_cost, optional_cost_min, optional_cost_max) VALUES ('GOOGLE_ChIJC_2KbN7R5zsRimWBRSgKyYY', 0, 0, 50);
INSERT OR REPLACE INTO place_scores (place_id, popularity, budget_friendliness, overall) VALUES ('GOOGLE_ChIJC_2KbN7R5zsRimWBRSgKyYY', 0.86, 0.8, 0.7533);
INSERT OR REPLACE INTO places (id, name, address, lat, lng, rating, review_count, source_name, source_place_id, last_verified, verified_at, is_featured, is_hidden, boost_factor, business_status) VALUES ('GOOGLE_ChIJufHUX43R5zsRwMHQ93IDgTM', 'Cuffe Parade Park', 'Maker Towers, Near World Trade Centre, Cuffe Parade, Mumbai, Maharashtra 400005, India', 18.9169024, 72.815922, 4.5, 715, 'GOOGLE', 'ChIJufHUX43R5zsRwMHQ93IDgTM', CURRENT_TIMESTAMP, CURRENT_TIMESTAMP, 0, 0, 1.0, 'OPERATIONAL');
INSERT OR REPLACE INTO place_categories (place_id, category) VALUES ('GOOGLE_ChIJufHUX43R5zsRwMHQ93IDgTM', 'PARK');
INSERT OR REPLACE INTO place_costs (place_id, mandatory_cost, optional_cost_min, optional_cost_max) VALUES ('GOOGLE_ChIJufHUX43R5zsRwMHQ93IDgTM', 0, 0, 50);
INSERT OR REPLACE INTO place_scores (place_id, popularity, budget_friendliness, overall) VALUES ('GOOGLE_ChIJufHUX43R5zsRwMHQ93IDgTM', 0.9, 0.8, 0.7667);
INSERT OR REPLACE INTO places (id, name, address, lat, lng, rating, review_count, source_name, source_place_id, last_verified, verified_at, is_featured, is_hidden, boost_factor, business_status) VALUES ('GOOGLE_ChIJWfvRnt3R5zsRVJa5lWDX3oo', 'Tata Garden', 'Churchgate, Mumbai, Maharashtra 400020, India', 18.9343125, 72.8291875, 4.5, 151, 'GOOGLE', 'ChIJWfvRnt3R5zsRVJa5lWDX3oo', CURRENT_TIMESTAMP, CURRENT_TIMESTAMP, 0, 0, 1.0, 'OPERATIONAL');
INSERT OR REPLACE INTO place_categories (place_id, category) VALUES ('GOOGLE_ChIJWfvRnt3R5zsRVJa5lWDX3oo', 'PARK');
INSERT OR REPLACE INTO place_costs (place_id, mandatory_cost, optional_cost_min, optional_cost_max) VALUES ('GOOGLE_ChIJWfvRnt3R5zsRVJa5lWDX3oo', 0, 0, 50);
INSERT OR REPLACE INTO place_scores (place_id, popularity, budget_friendliness, overall) VALUES ('GOOGLE_ChIJWfvRnt3R5zsRVJa5lWDX3oo', 0.9, 0.8, 0.7667);
INSERT OR REPLACE INTO places (id, name, address, lat, lng, rating, review_count, source_name, source_place_id, last_verified, verified_at, is_featured, is_hidden, boost_factor, business_status) VALUES ('GOOGLE_ChIJv8KFrOfR5zsRR5eF2XL1ueQ', 'K. Rustom & Co. Ice Cream Parlour', 'Stadium House, 87 A, Veer Nariman Rd, opposite Ambassador Hotel, Churchgate, Mumbai, Maharashtra 400020, India', 18.933139099999998, 72.8248995, 4.4, 15933, 'GOOGLE', 'ChIJv8KFrOfR5zsRR5eF2XL1ueQ', CURRENT_TIMESTAMP, CURRENT_TIMESTAMP, 0, 0, 1.0, 'OPERATIONAL');
INSERT OR REPLACE INTO place_categories (place_id, category) VALUES ('GOOGLE_ChIJv8KFrOfR5zsRR5eF2XL1ueQ', 'DESSERT');
INSERT OR REPLACE INTO place_costs (place_id, mandatory_cost, optional_cost_min, optional_cost_max) VALUES ('GOOGLE_ChIJv8KFrOfR5zsRR5eF2XL1ueQ', 0, 100, 300);
INSERT OR REPLACE INTO place_scores (place_id, popularity, budget_friendliness, overall) VALUES ('GOOGLE_ChIJv8KFrOfR5zsRR5eF2XL1ueQ', 0.8800000000000001, 0.8, 0.7267);
INSERT OR REPLACE INTO places (id, name, address, lat, lng, rating, review_count, source_name, source_place_id, last_verified, verified_at, is_featured, is_hidden, boost_factor, business_status) VALUES ('GOOGLE_ChIJWffr9MDR5zsR9xPE4_h5H5E', 'Oh Dough', 'Hind Rajasthan Chambers, 6, JA Allana Marg, Apollo Bandar, Fort, Mumbai, Maharashtra 400001, India', 18.929615, 72.83194499999999, 4.4, 1200, 'GOOGLE', 'ChIJWffr9MDR5zsR9xPE4_h5H5E', CURRENT_TIMESTAMP, CURRENT_TIMESTAMP, 0, 0, 1.0, 'OPERATIONAL');
INSERT OR REPLACE INTO place_categories (place_id, category) VALUES ('GOOGLE_ChIJWffr9MDR5zsR9xPE4_h5H5E', 'DESSERT');
INSERT OR REPLACE INTO place_costs (place_id, mandatory_cost, optional_cost_min, optional_cost_max) VALUES ('GOOGLE_ChIJWffr9MDR5zsR9xPE4_h5H5E', 0, 100, 300);
INSERT OR REPLACE INTO place_scores (place_id, popularity, budget_friendliness, overall) VALUES ('GOOGLE_ChIJWffr9MDR5zsR9xPE4_h5H5E', 0.8800000000000001, 0.8, 0.7267);
INSERT OR REPLACE INTO places (id, name, address, lat, lng, rating, review_count, source_name, source_place_id, last_verified, verified_at, is_featured, is_hidden, boost_factor, business_status) VALUES ('GOOGLE_ChIJDU-d4brR5zsR72KJ1oVObfE', 'Harley''s Ivory Lounge - Kala Ghoda BSE', '20, Ambalal Doshi Marg, Kala Ghoda, Fort, Mumbai, Maharashtra 400001, India', 18.9302933, 72.83278899999999, 4.8, 3109, 'GOOGLE', 'ChIJDU-d4brR5zsR72KJ1oVObfE', CURRENT_TIMESTAMP, CURRENT_TIMESTAMP, 0, 0, 1.0, 'OPERATIONAL');
INSERT OR REPLACE INTO place_categories (place_id, category) VALUES ('GOOGLE_ChIJDU-d4brR5zsR72KJ1oVObfE', 'DESSERT');
INSERT OR REPLACE INTO place_costs (place_id, mandatory_cost, optional_cost_min, optional_cost_max) VALUES ('GOOGLE_ChIJDU-d4brR5zsR72KJ1oVObfE', 0, 100, 300);
INSERT OR REPLACE INTO place_scores (place_id, popularity, budget_friendliness, overall) VALUES ('GOOGLE_ChIJDU-d4brR5zsR72KJ1oVObfE', 0.96, 0.8, 0.7533);
INSERT OR REPLACE INTO places (id, name, address, lat, lng, rating, review_count, source_name, source_place_id, last_verified, verified_at, is_featured, is_hidden, boost_factor, business_status) VALUES ('GOOGLE_ChIJJYQkCyDO5zsReCTsA6P6RsI', 'Sterling Cineplex', '65, Murzban Rd, Azad Maidan, Fort, Mumbai, Maharashtra 400001, India', 18.9384478, 72.8329708, 4.1, 13274, 'GOOGLE', 'ChIJJYQkCyDO5zsReCTsA6P6RsI', CURRENT_TIMESTAMP, CURRENT_TIMESTAMP, 0, 0, 1.0, 'OPERATIONAL');
INSERT OR REPLACE INTO place_categories (place_id, category) VALUES ('GOOGLE_ChIJJYQkCyDO5zsReCTsA6P6RsI', 'MOVIE');
INSERT OR REPLACE INTO place_costs (place_id, mandatory_cost, optional_cost_min, optional_cost_max) VALUES ('GOOGLE_ChIJJYQkCyDO5zsReCTsA6P6RsI', 250, 100, 300);
INSERT OR REPLACE INTO place_scores (place_id, popularity, budget_friendliness, overall) VALUES ('GOOGLE_ChIJJYQkCyDO5zsReCTsA6P6RsI', 0.82, 0.8, 0.6733);
INSERT OR REPLACE INTO places (id, name, address, lat, lng, rating, review_count, source_name, source_place_id, last_verified, verified_at, is_featured, is_hidden, boost_factor, business_status) VALUES ('GOOGLE_ChIJY6z8QsHR5zsRoPJyY6je7wg', 'Regal Cinema', 'Colaba Causeway, opposite Chhatrapati Shivaji Maharaj Vastu Sangrahalaya, Apollo Bandar, Colaba, Mumbai, Maharashtra 400001, India', 18.9245074, 72.8323925, 4.0, 9879, 'GOOGLE', 'ChIJY6z8QsHR5zsRoPJyY6je7wg', CURRENT_TIMESTAMP, CURRENT_TIMESTAMP, 0, 0, 1.0, 'OPERATIONAL');
INSERT OR REPLACE INTO place_categories (place_id, category) VALUES ('GOOGLE_ChIJY6z8QsHR5zsRoPJyY6je7wg', 'MOVIE');
INSERT OR REPLACE INTO place_costs (place_id, mandatory_cost, optional_cost_min, optional_cost_max) VALUES ('GOOGLE_ChIJY6z8QsHR5zsRoPJyY6je7wg', 250, 100, 300);
INSERT OR REPLACE INTO place_scores (place_id, popularity, budget_friendliness, overall) VALUES ('GOOGLE_ChIJY6z8QsHR5zsRoPJyY6je7wg', 0.8, 0.8, 0.6667);
INSERT OR REPLACE INTO places (id, name, address, lat, lng, rating, review_count, source_name, source_place_id, last_verified, verified_at, is_featured, is_hidden, boost_factor, business_status) VALUES ('GOOGLE_ChIJMbnnMOnR5zsRhNePMPcbJvM', 'Inox Laserplex Nariman Point', 'CR 2, 2nd Floor, Nariman Point, Mumbai, Maharashtra 400021, India', 18.9266401, 72.8225072, 4.4, 6057, 'GOOGLE', 'ChIJMbnnMOnR5zsRhNePMPcbJvM', CURRENT_TIMESTAMP, CURRENT_TIMESTAMP, 0, 0, 1.0, 'OPERATIONAL');
INSERT OR REPLACE INTO place_categories (place_id, category) VALUES ('GOOGLE_ChIJMbnnMOnR5zsRhNePMPcbJvM', 'MOVIE');
INSERT OR REPLACE INTO place_costs (place_id, mandatory_cost, optional_cost_min, optional_cost_max) VALUES ('GOOGLE_ChIJMbnnMOnR5zsRhNePMPcbJvM', 250, 100, 300);
INSERT OR REPLACE INTO place_scores (place_id, popularity, budget_friendliness, overall) VALUES ('GOOGLE_ChIJMbnnMOnR5zsRhNePMPcbJvM', 0.8800000000000001, 0.8, 0.6933);
INSERT OR REPLACE INTO places (id, name, address, lat, lng, rating, review_count, source_name, source_place_id, last_verified, verified_at, is_featured, is_hidden, boost_factor, business_status) VALUES ('GOOGLE_ChIJj65f9efR5zsRz7RM1n5aIp4', 'Eros IMAX, Mumbai', 'Cambata Building, 42, Maharshi Karve Rd, Churchgate, Mumbai, Maharashtra 400020, India', 18.9322612, 72.8278692, 4.1, 3062, 'GOOGLE', 'ChIJj65f9efR5zsRz7RM1n5aIp4', CURRENT_TIMESTAMP, CURRENT_TIMESTAMP, 0, 0, 1.0, 'OPERATIONAL');
INSERT OR REPLACE INTO place_categories (place_id, category) VALUES ('GOOGLE_ChIJj65f9efR5zsRz7RM1n5aIp4', 'MOVIE');
INSERT OR REPLACE INTO place_costs (place_id, mandatory_cost, optional_cost_min, optional_cost_max) VALUES ('GOOGLE_ChIJj65f9efR5zsRz7RM1n5aIp4', 250, 100, 300);
INSERT OR REPLACE INTO place_scores (place_id, popularity, budget_friendliness, overall) VALUES ('GOOGLE_ChIJj65f9efR5zsRz7RM1n5aIp4', 0.82, 0.8, 0.6733);
INSERT OR REPLACE INTO places (id, name, address, lat, lng, rating, review_count, source_name, source_place_id, last_verified, verified_at, is_featured, is_hidden, boost_factor, business_status) VALUES ('GOOGLE_ChIJgWqi8ODR5zsRFjnfBH7k1oc', 'Wankhede Stadium', 'Netaji Subhash Chandra Bose Rd, Churchgate, Mumbai, Maharashtra 400020, India', 18.9388528, 72.82576399999999, 4.5, 41471, 'GOOGLE', 'ChIJgWqi8ODR5zsRFjnfBH7k1oc', CURRENT_TIMESTAMP, CURRENT_TIMESTAMP, 0, 0, 1.0, 'OPERATIONAL');
INSERT OR REPLACE INTO place_categories (place_id, category) VALUES ('GOOGLE_ChIJgWqi8ODR5zsRFjnfBH7k1oc', 'SPORTS');
INSERT OR REPLACE INTO place_costs (place_id, mandatory_cost, optional_cost_min, optional_cost_max) VALUES ('GOOGLE_ChIJgWqi8ODR5zsRFjnfBH7k1oc', 100, 0, 200);
INSERT OR REPLACE INTO place_scores (place_id, popularity, budget_friendliness, overall) VALUES ('GOOGLE_ChIJgWqi8ODR5zsRFjnfBH7k1oc', 0.9, 0.8, 0.6667);
INSERT OR REPLACE INTO places (id, name, address, lat, lng, rating, review_count, source_name, source_place_id, last_verified, verified_at, is_featured, is_hidden, boost_factor, business_status) VALUES ('GOOGLE_ChIJTxAOS-bR5zsRiWRMaVl3zOA', 'CCI-Brabourne Stadium', 'Block No 3, Stadium House en, Veer Nariman Rd, Churchgate, Mumbai, Maharashtra 400020, India', 18.932125, 72.8247734, 4.4, 7246, 'GOOGLE', 'ChIJTxAOS-bR5zsRiWRMaVl3zOA', CURRENT_TIMESTAMP, CURRENT_TIMESTAMP, 0, 0, 1.0, 'OPERATIONAL');
INSERT OR REPLACE INTO place_categories (place_id, category) VALUES ('GOOGLE_ChIJTxAOS-bR5zsRiWRMaVl3zOA', 'SPORTS');
INSERT OR REPLACE INTO place_costs (place_id, mandatory_cost, optional_cost_min, optional_cost_max) VALUES ('GOOGLE_ChIJTxAOS-bR5zsRiWRMaVl3zOA', 100, 0, 200);
INSERT OR REPLACE INTO place_scores (place_id, popularity, budget_friendliness, overall) VALUES ('GOOGLE_ChIJTxAOS-bR5zsRiWRMaVl3zOA', 0.8800000000000001, 0.8, 0.6600);
INSERT OR REPLACE INTO places (id, name, address, lat, lng, rating, review_count, source_name, source_place_id, last_verified, verified_at, is_featured, is_hidden, boost_factor, business_status) VALUES ('GOOGLE_ChIJm0nz78HR5zsR4-9NlH20mIg', 'Cooperage Football Ground', 'Maharshi Karve Rd, Dr Ambedkar Statue Chowk Area, Nariman Point, Mumbai, Maharashtra 400021, India', 18.9243733, 72.8287041, 4.4, 3262, 'GOOGLE', 'ChIJm0nz78HR5zsR4-9NlH20mIg', CURRENT_TIMESTAMP, CURRENT_TIMESTAMP, 0, 0, 1.0, 'OPERATIONAL');
INSERT OR REPLACE INTO place_categories (place_id, category) VALUES ('GOOGLE_ChIJm0nz78HR5zsR4-9NlH20mIg', 'SPORTS');
INSERT OR REPLACE INTO place_costs (place_id, mandatory_cost, optional_cost_min, optional_cost_max) VALUES ('GOOGLE_ChIJm0nz78HR5zsR4-9NlH20mIg', 100, 0, 200);
INSERT OR REPLACE INTO place_scores (place_id, popularity, budget_friendliness, overall) VALUES ('GOOGLE_ChIJm0nz78HR5zsR4-9NlH20mIg', 0.8800000000000001, 0.8, 0.6600);
INSERT OR REPLACE INTO places (id, name, address, lat, lng, rating, review_count, source_name, source_place_id, last_verified, verified_at, is_featured, is_hidden, boost_factor, business_status) VALUES ('GOOGLE_ChIJ6VLFWgDR5zsRd10A0RT9MVk', 'MCA Stand Gate 7', '13, D Rd, Churchgate, Mumbai, Maharashtra 400020, India', 18.937031299999997, 72.82575349999999, 4.4, 17, 'GOOGLE', 'ChIJ6VLFWgDR5zsRd10A0RT9MVk', CURRENT_TIMESTAMP, CURRENT_TIMESTAMP, 0, 0, 1.0, 'OPERATIONAL');
INSERT OR REPLACE INTO place_categories (place_id, category) VALUES ('GOOGLE_ChIJ6VLFWgDR5zsRd10A0RT9MVk', 'SPORTS');
INSERT OR REPLACE INTO place_costs (place_id, mandatory_cost, optional_cost_min, optional_cost_max) VALUES ('GOOGLE_ChIJ6VLFWgDR5zsRd10A0RT9MVk', 100, 0, 200);
INSERT OR REPLACE INTO place_scores (place_id, popularity, budget_friendliness, overall) VALUES ('GOOGLE_ChIJ6VLFWgDR5zsRd10A0RT9MVk', 0.8800000000000001, 0.8, 0.6600);